{
    "accuracy": 0.9831964152352501,
    "f1": 0.9509811697891715,
    "precision": 0.9694112218960522,
    "recall": 0.9342905357114185,
    "confusion_matrix": [
        [
            4804,
            23
        ],
        [
            67,
            462
        ]
    ]
}